[
  {
    "_id": "5cc2283a67295fb697b32b29",
    "index": 0,
    "guid": "c88f4ef6-ffb3-49bd-a9ca-3757572440cf",
    "isActive": false,
    "balance": "$3,910.53",
    "picture": "http://placehold.it/32x32",
    "age": 35,
    "eyeColor": "green",
    "name": "Tracey Kerr",
    "gender": "female",
    "company": "OPTIQUE",
    "email": "traceykerr@optique.com",
    "phone": "+1 (871) 523-2196",
    "address": "212 Hausman Street, Woodburn, Federated States Of Micronesia, 1895",
    "about": "Sit ad non sunt duis et. Aliquip laboris deserunt cillum velit culpa cillum magna id occaecat. Incididunt ut tempor quis tempor adipisicing. Nulla ullamco do duis irure exercitation in non exercitation ut ipsum ullamco qui mollit ipsum. Non qui ad ex laborum pariatur consectetur nisi. Excepteur aute aute labore adipisicing tempor dolore magna exercitation voluptate velit nulla.\r\n",
    "registered": "2015-01-12T11:33:07 +05:00",
    "latitude": -57.753527,
    "longitude": -37.305946,
    "tags": ["non", "irure", "fugiat", "ea", "dolor", "amet", "mollit"],
    "friends": [
      {
        "id": 0,
        "name": "Guy Lamb"
      },
      {
        "id": 1,
        "name": "Walls Lee"
      },
      {
        "id": 2,
        "name": "Tyson Mooney"
      }
    ],
    "greeting": "Hello, Tracey Kerr! You have 5 unread messages.",
    "favoriteFruit": "apple"
  },
  {
    "_id": "5cc2283a28f47f08a267c058",
    "index": 1,
    "guid": "0b6e5d99-84ee-4905-9ccf-e78eb78b4e9d",
    "isActive": true,
    "balance": "$2,541.08",
    "picture": "http://placehold.it/32x32",
    "age": 28,
    "eyeColor": "green",
    "name": "Janelle Padilla",
    "gender": "female",
    "company": "ISOSURE",
    "email": "janellepadilla@isosure.com",
    "phone": "+1 (809) 574-3614",
    "address": "138 Lorimer Street, Tecolotito, Delaware, 8376",
    "about": "Laboris exercitation ea ipsum consectetur aliqua irure minim. Voluptate culpa reprehenderit anim elit magna qui fugiat id laboris eiusmod enim labore velit cupidatat. Lorem reprehenderit reprehenderit excepteur consectetur aliquip mollit aute elit deserunt tempor laborum ipsum consectetur sunt.\r\n",
    "registered": "2017-01-29T05:20:15 +05:00",
    "latitude": 22.290335,
    "longitude": 169.066156,
    "tags": [
      "excepteur",
      "cillum",
      "quis",
      "magna",
      "laboris",
      "et",
      "voluptate"
    ],
    "friends": [
      {
        "id": 0,
        "name": "Latoya Burks"
      },
      {
        "id": 1,
        "name": "Gibson Moreno"
      },
      {
        "id": 2,
        "name": "Charles Black"
      }
    ],
    "greeting": "Hello, Janelle Padilla! You have 7 unread messages.",
    "favoriteFruit": "strawberry"
  },
  {
    "_id": "5cc2283a4a6de8fbda86fb05",
    "index": 2,
    "guid": "975797a9-ccef-4e3e-82ee-dea11e4e61e5",
    "isActive": true,
    "balance": "$2,433.23",
    "picture": "http://placehold.it/32x32",
    "age": 20,
    "eyeColor": "brown",
    "name": "Shanna Ewing",
    "gender": "female",
    "company": "NAMEGEN",
    "email": "shannaewing@namegen.com",
    "phone": "+1 (822) 521-2869",
    "address": "375 Aurelia Court, Wakarusa, California, 3761",
    "about": "Ipsum elit nisi et minim minim. Aute nisi duis nisi ea. Veniam anim magna aute qui aute laborum aliquip aliquip velit in mollit occaecat elit proident.\r\n",
    "registered": "2019-02-20T01:41:53 +05:00",
    "latitude": 80.949901,
    "longitude": -36.955718,
    "tags": ["id", "nulla", "ullamco", "sunt", "duis", "quis", "aute"],
    "friends": [
      {
        "id": 0,
        "name": "Garrison Shannon"
      },
      {
        "id": 1,
        "name": "Ramos Joseph"
      },
      {
        "id": 2,
        "name": "Mcintosh Scott"
      }
    ],
    "greeting": "Hello, Shanna Ewing! You have 10 unread messages.",
    "favoriteFruit": "strawberry"
  },
  {
    "_id": "5cc2283a21c3ae892a82ced5",
    "index": 3,
    "guid": "e1727246-856e-4e98-a535-1d0720d5bef9",
    "isActive": true,
    "balance": "$2,293.43",
    "picture": "http://placehold.it/32x32",
    "age": 24,
    "eyeColor": "blue",
    "name": "Madge Cook",
    "gender": "female",
    "company": "BOVIS",
    "email": "madgecook@bovis.com",
    "phone": "+1 (951) 473-3030",
    "address": "163 Willow Street, Dorneyville, Michigan, 5702",
    "about": "Sunt sunt Lorem cupidatat tempor. Culpa minim fugiat ut incididunt tempor mollit nulla labore. Incididunt anim Lorem sit minim magna aliquip eu proident mollit in eu occaecat exercitation elit. Lorem nulla quis labore ex ea amet duis culpa velit quis sint occaecat deserunt. Laboris velit officia magna ex commodo ex amet sunt esse consequat fugiat aute amet id. Qui labore nisi occaecat et sit ex aute commodo. Qui id enim ullamco culpa amet ut incididunt aute reprehenderit aliquip veniam exercitation enim.\r\n",
    "registered": "2019-02-09T05:17:40 +05:00",
    "latitude": -57.424047,
    "longitude": 60.416069,
    "tags": [
      "culpa",
      "esse",
      "proident",
      "nostrud",
      "ipsum",
      "reprehenderit",
      "cillum"
    ],
    "friends": [
      {
        "id": 0,
        "name": "Erna Mcmahon"
      },
      {
        "id": 1,
        "name": "Vanessa Hall"
      },
      {
        "id": 2,
        "name": "Janette Mathews"
      }
    ],
    "greeting": "Hello, Madge Cook! You have 6 unread messages.",
    "favoriteFruit": "strawberry"
  },
  {
    "_id": "5cc2283aad2d0a915d0740c4",
    "index": 4,
    "guid": "2f98de80-22e9-4a97-9645-0bc0cc7ac23e",
    "isActive": true,
    "balance": "$3,709.37",
    "picture": "http://placehold.it/32x32",
    "age": 22,
    "eyeColor": "brown",
    "name": "Tania Newton",
    "gender": "female",
    "company": "GEEKKO",
    "email": "tanianewton@geekko.com",
    "phone": "+1 (886) 581-2927",
    "address": "718 Irwin Street, Ruckersville, Texas, 8442",
    "about": "Duis nulla aute exercitation et proident amet non sunt ullamco labore aliqua. Consequat ullamco sit enim veniam Lorem anim mollit. Non anim consequat do consectetur ut duis pariatur consequat est occaecat pariatur. Ullamco pariatur est deserunt enim cillum et est ut aliquip. Veniam do Lorem sint cupidatat consectetur.\r\n",
    "registered": "2014-03-17T10:16:37 +04:00",
    "latitude": -64.194382,
    "longitude": 127.964543,
    "tags": [
      "incididunt",
      "aute",
      "culpa",
      "commodo",
      "labore",
      "laborum",
      "minim"
    ],
    "friends": [
      {
        "id": 0,
        "name": "Branch Campos"
      },
      {
        "id": 1,
        "name": "Janice Harrison"
      },
      {
        "id": 2,
        "name": "Little Joyce"
      }
    ],
    "greeting": "Hello, Tania Newton! You have 4 unread messages.",
    "favoriteFruit": "apple"
  },
  {
    "_id": "5cc2283acfd852c45811bdaa",
    "index": 5,
    "guid": "b20c342c-6da3-431e-8f65-f75f968f65d6",
    "isActive": false,
    "balance": "$3,527.60",
    "picture": "http://placehold.it/32x32",
    "age": 22,
    "eyeColor": "blue",
    "name": "Rosanne Sanford",
    "gender": "female",
    "company": "ZENTIA",
    "email": "rosannesanford@zentia.com",
    "phone": "+1 (822) 538-3604",
    "address": "599 Maujer Street, Mayfair, Arkansas, 2506",
    "about": "Consequat est non commodo laboris veniam laboris est pariatur. Reprehenderit irure cupidatat do enim excepteur sint consequat adipisicing Lorem qui nisi dolore mollit cupidatat. Nostrud aliquip est reprehenderit dolor. Irure esse exercitation dolor elit nostrud commodo dolor veniam incididunt commodo ex aute esse sint. Occaecat nisi ut nostrud quis eiusmod sit sunt mollit tempor sit laboris veniam id. Irure do ut occaecat sit.\r\n",
    "registered": "2015-02-20T05:58:54 +05:00",
    "latitude": 52.383459,
    "longitude": -113.507833,
    "tags": [
      "sint",
      "dolor",
      "deserunt",
      "commodo",
      "voluptate",
      "irure",
      "magna"
    ],
    "friends": [
      {
        "id": 0,
        "name": "Lou Dejesus"
      },
      {
        "id": 1,
        "name": "Laura Lawson"
      },
      {
        "id": 2,
        "name": "Sparks Valencia"
      }
    ],
    "greeting": "Hello, Rosanne Sanford! You have 8 unread messages.",
    "favoriteFruit": "apple"
  },
  {
    "_id": "5cc2283a7360875968925702",
    "index": 6,
    "guid": "c89052bf-b7ad-4f40-a70e-40445422edb4",
    "isActive": false,
    "balance": "$1,962.47",
    "picture": "http://placehold.it/32x32",
    "age": 28,
    "eyeColor": "brown",
    "name": "Blackburn Stein",
    "gender": "male",
    "company": "SENTIA",
    "email": "blackburnstein@sentia.com",
    "phone": "+1 (964) 428-3103",
    "address": "976 Highland Avenue, Stouchsburg, South Dakota, 3174",
    "about": "In ipsum Lorem exercitation reprehenderit. Ipsum labore laboris ipsum consequat deserunt elit sit ex anim deserunt dolore magna laborum. Mollit elit sint labore incididunt sit pariatur non enim cupidatat nisi quis amet pariatur. Aliqua occaecat reprehenderit aliquip aliqua sit Lorem sint cillum esse anim et sit sunt.\r\n",
    "registered": "2019-01-23T12:03:10 +05:00",
    "latitude": 88.346578,
    "longitude": 14.772599,
    "tags": ["magna", "mollit", "est", "nulla", "eu", "Lorem", "in"],
    "friends": [
      {
        "id": 0,
        "name": "Marina Kelley"
      },
      {
        "id": 1,
        "name": "Delgado Ayers"
      },
      {
        "id": 2,
        "name": "April Ramos"
      }
    ],
    "greeting": "Hello, Blackburn Stein! You have 2 unread messages.",
    "favoriteFruit": "apple"
  }
]
